--
-- Βάση δεδομένων
--
SET SQL_MODE = "NO_AUTO_VALUE_ON_ZERO";
SET time_zone = "+02:00";
/*!40101 SET @OLD_CHARACTER_SET_CLIENT=@@CHARACTER_SET_CLIENT */;
/*!40101 SET @OLD_CHARACTER_SET_RESULTS=@@CHARACTER_SET_RESULTS */;
/*!40101 SET @OLD_COLLATION_CONNECTION=@@COLLATION_CONNECTION */;
/*!40101 SET NAMES utf8 */;

DROP DATABASE project2018;
CREATE DATABASE IF NOT EXISTS project2018 DEFAULT CHARACTER SET utf8;
USE project2018;

SET FOREIGN_KEY_CHECKS=0;
--
-- Δομή πίνακα για τον πίνακα `Employee`
--
CREATE TABLE IF NOT EXISTS Employee (
    Employee_IRS_Number BIGINT UNSIGNED NOT NULL,
    Social_Security_Number BIGINT UNSIGNED NOT NULL,
    First_Name TEXT NOT NULL,
    Last_Name TEXT NOT NULL,
    Street TEXT NOT NULL,
    Number VARCHAR(5) DEFAULT NULL,
    Postal_Code INT(5) NOT NULL,
    City TEXT NOT NULL,
    PRIMARY KEY (Employee_IRS_Number),
    UNIQUE (Social_Security_Number)
    /*KEY (Social_Security_Number)*/

) ENGINE = InnoDB;

INSERT INTO Employee (Employee_IRS_Number, Social_Security_Number, First_Name, Last_Name, Street, Number, Postal_Code, City) VALUES
(123456789012, 123456789, 'Δημήτρης', 'Γεωργίου', 'Χίου', 5, 12345, 'Αθήνα'),
(234567890123, 234567891, 'ΚΥΡΙΑΚΟΣ', 'Αβραμίδης', 'Χίου', 5, 12348, 'Θεσσαλονίκη'),
(123406559012, 345678912, 'Γιώργος', 'Αθανασιάδης', 'Χίου', 5, 12349, 'Αθήνα'),
(155456789012, 456789123, 'Δημήτρης', 'Αλεβιζόπουλος', 'Χίου', 5, 12350, 'Θεσσαλονίκη'),
(144456789012, 567891234, 'Γιώργος', 'Αποστολίδης', 'Μακεδονίας', 5, 12351, 'Αθήνα'),
(122456789012, 678912345, 'Κώστας', 'Βικελίδης', 'Χίου', 5, 12352, 'Θεσσαλονίκη'),
(129456789012, 789123456, 'Γιώργος', 'Γεωργίου', 'Χίου', 5, 12345, 'Αθήνα'),
(123456787701, 891234567, 'Δημήτρης', 'Βλαβιανός', 'Μακεδονίας', 5, 12345, 'Αθήνα'),
(123456789077, 912345678, 'Κώστας', 'Δάβης', 'Χίου', 5, 12345, 'Αθήνα'),
(123456789088, 111111111, 'Παναγιώτης', 'Δαμασκηνός', 'Χίου', 5, 12345, 'Θεσσαλονίκη'),
(123456789099, 111111112, 'Δημήτρης', 'Γεωργιακώδη', 'Μακεδονίας', 5, 12345, 'Θεσσαλονίκη'),
(123456789000, 111111113, 'Γιώργος', 'Ζακυνθινός', 'Χίου', 5, 12345, 'Αθήνα'),
(123456789010, 111111114, 'Γιώργος', 'Καλαβρυτινός', 'Πεντέλης', 5, 12345, 'Αθήνα'),
(023456789012, 111111115, 'Γιώργος', 'Ελεκιστριάνος', 'Μακεδονίας', 5, 12345, 'Αθήνα'),
(323456789012, 111111116, 'Δημήτρης', 'Ρωμαναίος ', 'Χίου', 5, 12345, 'Αθήνα'),
(423456789012, 111111117, 'Κώστας', 'Λεπενιώτης', 'Χίου', 5, 12345, 'Αθήνα'),
(523456789012, 111111118, 'Κώστας', 'Τσιριγώτης', 'Χίου', 5, 12345, 'Αθήνα'),
(623456789012, 111111119, 'Γιώργος', 'Ανδριώτης', 'Μακεδονίας', 5, 12345, 'Αθήνα'),
(723456789012, 222222222, 'Γιώργος', 'Λεπενιώτης', 'Μακεδονίας', 5, 12345, 'Αθήνα'),
(823456789012, 222222221, 'Δημήτρης', 'Χαλκούσης', 'Μακεδονίας', 5, 12345,'Αθήνα'),
(923456789012, 222222223, 'Παναγιώτης', 'Δημητράτος', 'Πεντέλης', 5, 12345, 'Αθήνα'),
(123456229012, 222222224, 'Γιώργος', 'Γιανουλάτος', 'Χίου', 5, 12345, 'Θεσσαλονίκη'),
(123456339012, 222222225, 'Γιώργος', 'Γερολυμάτος', 'Χίου', 5, 12345, 'Αθήνα'),
(123456449012, 222222226, 'Κώστας', 'Χατζής', 'Χίου', 5, 12345, 'Μυτιλήνη'),
(123456559012, 222222227, 'Δημήτρης', 'Ρήγας', 'Χίου', 5, 12345, 'Αθήνα'),
(123456669012, 222222228, 'Ορέστης', 'Αγγελόπουλος', 'Πεντέλης', 5, 12345, 'Θεσσαλονίκη'),
(123456779012, 222222229, 'Κώστας', 'Κωνσταντόπουλος', 'Πεντέλης', 5, 12345, 'Αθήνα'),
(123456889012, 333333331, 'Παναγιώτης', 'Καραγιάννης', 'Χίου', 5, 12345, 'Αθήνα'),
(123456129012, 333333332, 'Δημήτρης', 'Παπαδόπουλος', 'Πεντέλης', 5, 12345, 'Αθήνα'),
(123456239012, 333333333, 'Παναγιώτης', 'Παπαδόπουλος', 'Πεντέλης', 5, 12345, 'Αθήνα'),
(123456349012, 333333334, 'Σωκράτης', 'Παπαδόπουλος', 'Πεντέλης', 5, 12345, 'Αθήνα'),
(123456459012, 333333335, 'Ορέστης', 'Παπαδόπουλος', 'Χίου', 5, 12345, 'Αθήνα'),
(999999999993, 331333331, 'Ανδρινίκη', 'Βάσιου', 'Καραμανλή', 78, 13498, 'Αθήνα'),
(123456569012, 333333336, 'Παναγιώτης', 'Παπαδόπουλος', 'Χίου', 5, 12345, 'Αθήνα'),
(123456679012, 333333337, 'Γιώργος', 'Παπαδόπουλος', 'Χίου', 5, 12345, 'Αθήνα'),
(123456909012, 333333338, 'Γιώργος', 'Παπαδόπουλος', 'Πεντέλης', 5, 12345, 'Αθήνα'),
(123456159012, 333333339, 'Άννα', 'Παπαδοπούλου', 'Αθήνας', 5, 12345, 'Αθήνα'),
(123456169012, 444444441, 'Δήμητρα', 'Παπαδοπούλου', 'Αθήνας', 5, 12345, 'Αθήνα'),
(123456589012, 444444442, 'Κωνσταντίνα', 'Παπαδοπούλου', 'Χίου', 5, 12345, 'Αθήνα'),
(123456190012, 444444443, 'Ελπίδα', 'Παπαδοπούλου', 'Χίου', 5, 12345, 'Αθήνα'),
(444456789012, 444444444, 'Σοφία', 'Παπαδοπούλου', 'Αθήνας', 5, 12345, 'Αθήνα'),
(555456789012, 444444445, 'Ελένη', 'Παπαδοπούλου', 'Αθήνας', 5, 12345, 'Μυτιλήνη'),
(999456789012, 444444446, 'Ελπίδα','Παπαδοπούλου', 'Χίου', 5, 12345, 'Αθήνα'),
(321456789012, 444444447, 'Θεανώ', 'Παπαδοπούλου', 'Χίου', 5, 12345, 'Αθήνα'),
(987456789012, 444444448, 'Παναγιώτης', 'Οικονόμου', 'Αθήνας', 5, 12345, 'Αθήνα'),
(876456789012, 444444449, 'Δημήτρης', 'Βασιλόπουλος', 'Χίου', 5, 12345, 'Αθήνα'),
(654456789012, 555555551, 'Δημήτρης', 'Παλαιολόγος', 'Αθήνας', 5, 12345, 'Μυτιλήνη'),
(543456789012, 555555552, 'Παναγιώτης', 'Δημητρίου', 'Χίου', 5, 12345, 'Αθήνα'),
(559956789012, 555555553, 'Δημήτρης', 'Στάθης', 'Χίου', 5, 12345, 'Αθήνα'),
(338856789012, 555555554, 'Σωκράτης', 'Στάθη', 'Χίου', 5, 12345, 'Αθήνα'),
(123400009012, 555555555, 'Αθηνά', 'Χαρδούβελη', 'Κωλοκοτρώνη', 5, 12345,'Αθήνα'),
(111111111111, 555555556, 'Γιώργος', 'Ελευθερίου', 'Κωλοκοτρώνη', 5, 12345, 'Αθήνα'),
(222222222222, 555555557, 'Γιώργος', 'Ξυλοκόπου', 'Κωλοκοτρώνη', 5, 12345, 'Αθήνα'),
(333333333333, 555555558, 'John', 'Smith', 'Χίου', 5, 12345, 'Αθήνα'),
(444444444444, 555555559, 'Joshua', 'Green', 'Χίου', 5, 12345, 'Αθήνα'),
(555555555555, 666666661, 'Helen', 'White', 'Κωλοκοτρώνη', 5, 12345, 'Αθήνα'),
(666666666666, 666666662, 'Elizabeth', 'White', 'Χίου', 5, 12345, 'Αθήνα'),
(777777777777, 666666663, 'Δημήτρης', 'Αγιομαυρίτης', 'Χίου', 5, 12345, 'Μυτιλήνη'),
(888888888888, 666666664, 'Γιώργος', 'Αηδόνης', 'Κωλοκοτρώνη', 5, 12345, 'Αθήνα'),
(888888888884, 666666665, 'Δημήτρης', 'Λιάπης', 'Κωλοκοτρώνη', 5, 12345, 'Μυτιλήνη'),
(999999999999, 666666666, 'Γιώργος', 'Λιάρος', 'Χίου', 5, 12345, 'Μυτιλήνη'),
(200000000003, 666666667, 'Γιώργος', 'Λυμπέρης', 'Κωλοκοτρώνη', 5, 12345, 'Μυτιλήνη'),
(101010101010, 666666668, 'Δημήτρης', 'Λυμπέρης', 'Κωλοκοτρώνη', 5, 12345, 'Αθήνα'),
(100000000001, 100000001, 'Δημήτρης', 'Λιάπης', 'Κωλοκοτρώνη', 5, 12345, 'Μυτιλήνη'),
(100000000002, 100000002, 'Γιώργος', 'Λιάρος', 'Χίου', 5, 12345, 'Αθήνα'),
(100000000003, 100000003, 'Παναγιώτης', 'Παπαδόπουλος', 'Χίου', 5, 12345, 'Αθήνα'),
(100000000004, 100000004, 'Γιώργος', 'Παπαδόπουλος', 'Χίου', 5, 12345, 'Αθήνα');



CREATE TABLE IF NOT EXISTS Hotel_Group (
  Hotel_Group_ID INT UNSIGNED NOT NULL AUTO_INCREMENT,
  Number_Of_Hotels INT UNSIGNED NOT NULL,
  Street TEXT NOT NULL,
  Number VARCHAR(5) DEFAULT NULL,
  Postal_Code INT(5) NOT NULL,
  City TEXT NOT NULL,
  PRIMARY KEY (Hotel_Group_ID)
)ENGINE = InnoDB;

INSERT INTO Hotel_Group (Hotel_Group_ID, Number_Of_Hotels, Street, Number, Postal_Code, City) VALUES
(1, 5, 'Αδόλφου', '59', 15235, 'Αθήνα'),
(2, 5, '25ης Μαρτίου', '34', 10431, 'Αθήνα'),
(3, 5, 'Αριστοτέλους', '87', 54623, 'Θεσσαλονίκη'),
(4, 5, 'Αναξαμένους', '', 84600, 'Χώρα Μυκόνου'),
(5, 5, 'Ισραήλ', '22', 28100, 'Σβορωνάτα Κεφαλονιά');


CREATE TABLE IF NOT EXISTS Hotel (
  Hotel_ID INT UNSIGNED NOT NULL AUTO_INCREMENT,
  Stars INT(1) UNSIGNED NOT NULL,
  Number_Of_Rooms INT UNSIGNED NOT NULL,
  Street TEXT NOT NULL,
  Number VARCHAR(5) DEFAULT NULL,
  Postal_Code INT(5) NOT NULL,
  City TEXT NOT NULL,
  Hotel_Group_ID INT UNSIGNED NOT NULL,
  PRIMARY KEY (Hotel_ID),
  FOREIGN KEY (Hotel_Group_ID) REFERENCES Hotel_Group(Hotel_Group_ID) ON DELETE CASCADE
) ENGINE = InnoDB;

INSERT INTO Hotel(Hotel_ID, Stars, Number_Of_Rooms, Street, Number, Postal_Code, City, Hotel_Group_ID) VALUES
(1, 3, 5, 'Τήνου', '59', 15235, 'Athens', 1),
(2, 3, 5, 'Μενάνδρου', '2', 15235, 'Αθήνα', 1),
(3, 1, 5, 'Λεωφόρος Πανεπιστημίου', '3', 26500, 'Ρίο', 1),
(4, 2, 5, 'Πανεπιστημίου', '59', 45560, 'Κάτω Νεοχωρόπουλο', 1),
(5, 2, 5, 'Μακεδονίας', '23', 18543, 'Πειραιάς', 1),
(6, 5, 5, '28ης Οκτωβρίου', '98Β', 10431, 'Αθήνα', 2),
(7, 4, 5, '3ης Σεπτεμβρίου', '4', 10431, 'Αθήνα', 2),
(8, 4, 5, 'Καλαμάτας', '78', 22100, 'Αρκαδίας', 2),
(9, 3, 5, 'Τήνου', '98Β', 54453, 'Θεσσαλονίκη', 2),
(10,5, 5, 'Μπουμπουλίνας', '108', 18900, 'Σαλαμίνα', 2),
(11,3, 5, 'Αριστοτέλους', '59', 54623, 'Θεσσαλονίκη', 3),
(12,4, 5, 'Αγίας Θεοδώρας', '2', 54623, 'Θεσσαλονίκη', 3),
(13,2, 5, '25ης Μαρτίου', '4', 61100, 'Κιλκίς', 3),
(14,5, 5, 'Λοχαγού Βόγδου Μιχαήλ', '5', 67100, 'Ξάνθη', 3),
(15,5, 5, 'Μπιζανίου', '33', 66132, 'Δράμα', 3),
(16,4, 5, 'Ματογιάννη', '', 84600, 'Χώρα Μυκόνου', 4),
(17,5, 5, 'Νικολάου Στέλλας', '2', 84600, 'Πάρος', 4),
(18,2, 5, 'Πρωτοπαπαδάκη Π', '38', 84700, 'Σαντορίνη', 4),
(19,2, 5, 'Δανέζη', '1', 84700, 'Σαντορίνη', 4),
(20,3, 5, 'Καραμαούνα', '29', 82100, 'Χώρα Μυκόνου', 4),
(21,3, 5, 'Ιωάννου Μεταξά & Ισραήλ', '2', 28100, 'Σβορωνάτα Κεφαλονιά', 5),
(22,3, 5, 'Κοσμετάτου', '8', 28100, 'Αργοστόλι Κεφαλληνίας', 5),
(23,2, 5, 'Χειμάρρας', '2', 28100, 'Αργοστόλι Κεφαλληνίας', 5),
(24,4, 5, 'Αγίου Αντωνίου', '8', 31100, 'Λευκάδα', 5),
(25,4, 5, 'Σταδίου', '23', 31100, 'Λευκάδα', 5);


CREATE TABLE IF NOT EXISTS Hotel_Room(
  Room_ID INT UNSIGNED NOT NULL,
  Hotel_ID INT UNSIGNED NOT NULL,
  Capacity INT(1) UNSIGNED NOT NULL,
  View boolean NOT NULL,
  Expandable TEXT DEFAULT NULL,
  Repairs_Need TEXT DEFAULT NULL,
  Price INT(4) NOT NULL,
  PRIMARY KEY (Room_ID, Hotel_ID),
  FOREIGN KEY (Hotel_ID) REFERENCES Hotel(Hotel_ID) ON DELETE CASCADE ON UPDATE CASCADE

) ENGINE = InnoDB DEFAULT CHARACTER SET = utf8;

INSERT INTO Hotel_Room(Room_ID, Hotel_ID, Capacity, View, Expandable, Repairs_Need, Price) VALUES
(1, 1, 1, False, 'Επιπλέον κρεβάτια', 'Χαλασμένο Καζανάκι', 40),
(2, 1, 2, False, 'Επιπλέον κρεβάτια', 'Χωρίς Ζεστό νερό', '20'),
(3, 1, 3, False, 'Επικοινωνία με γειτονικό δωμάτιο', 'Δεν υπάρχει καμία ζημιά', 15),
(4, 1, 4, False, 'Επιπλέον κρεβάτια', 'Χαλασμένο Καζανάκι', 10),
(5, 1, 5, False, 'Δεν μπορεί να επεκταθεί', 'Δεν υπάρχει καμία ζημιά', 800),
(1, 2, 1, False, 'Επιπλέον κρεβάτια', 'Χαλασμένο Καζανάκι', 40),
(2, 2, 2, False, 'Επιπλέον κρεβάτια', 'Χωρίς Ζεστό νερό', 20),
(3, 2, 3, False, 'Επικοινωνία με γειτονικό δωμάτιο', 'Δεν υπάρχει καμία ζημιά', 15),
(4, 2, 4, False, 'Επιπλέον κρεβάτια', 'Χαλασμένο Καζανάκι', 10),
(5, 2, 5, False, 'Δεν μπορεί να επεκταθεί', 'Δεν υπάρχει καμία ζημιά', 800),
(1, 3, 1, False, 'Επιπλέον κρεβάτια', 'Χαλασμένο Καζανάκι', 250),
(2, 3, 2, False, 'Επιπλέον κρεβάτια', 'Χωρίς Ζεστό νερό', 320),
(3, 3, 3, False, 'Επικοινωνία με γειτονικό δωμάτιο', 'Δεν υπάρχει καμία ζημιά', 15),
(4, 3, 4, False, 'Επιπλέον κρεβάτια', 'Χαλασμένο Καζανάκι', 10),
(5, 3, 5, False, 'Δεν μπορεί να επεκταθεί', 'Δεν υπάρχει καμία ζημιά', 800),
(1, 4, 1, False, 'Επιπλέον κρεβάτια', 'Χαλασμένο Καζανάκι', 40),
(2, 4, 2, False, 'Επιπλέον κρεβάτια', 'Χωρίς Ζεστό νερό', 20),
(3, 4, 3, False, 'Επικοινωνία με γειτονικό δωμάτιο', 'Δεν υπάρχει καμία ζημιά', 15),
(4, 4, 4, False, 'Επιπλέον κρεβάτια', 'Χαλασμένο Καζανάκι', 10),
(5, 4, 5, False, 'Δεν μπορεί να επεκταθεί', 'Δεν υπάρχει καμία ζημιά', 7),
(1, 5, 1, False, 'Επιπλέον κρεβάτια', 'Χαλασμένο Καζανάκι', 250),
(2, 5, 2, False, 'Επιπλέον κρεβάτια', 'Χωρίς Ζεστό νερό', 45),
(3, 5, 3, False, 'Επικοινωνία με γειτονικό δωμάτιο', 'Δεν υπάρχει καμία ζημιά', 15),
(4, 5, 4, False, 'Επιπλέον κρεβάτια', 'Χαλασμένο Καζανάκι', 250),
(5, 5, 5, False, 'Δεν μπορεί να επεκταθεί', 'Δεν υπάρχει καμία ζημιά', 7),
(1, 6, 1, False, 'Επιπλέον κρεβάτια', 'Χαλασμένο Καζανάκι', 40),
(2, 6, 2, False, 'Επιπλέον κρεβάτια', 'Χωρίς Ζεστό νερό', 20),
(3, 6, 3, False, 'Επικοινωνία με γειτονικό δωμάτιο', 'Δεν υπάρχει καμία ζημιά', 15),
(4, 6, 4, False, 'Επιπλέον κρεβάτια', 'Χαλασμένο Καζανάκι', 10),
(5, 6, 5, False, 'Δεν μπορεί να επεκταθεί', 'Δεν υπάρχει καμία ζημιά', 7),
(1, 7, 1, False, 'Επιπλέον κρεβάτια', 'Χαλασμένο Καζανάκι', 40),
(2, 7, 2, False, 'Επιπλέον κρεβάτια', 'Χωρίς Ζεστό νερό', 320),
(3, 7, 3, False, 'Επικοινωνία με γειτονικό δωμάτιο', 'Δεν υπάρχει καμία ζημιά', 15),
(4, 7, 4, False, 'Επιπλέον κρεβάτια', 'Χαλασμένο Καζανάκι', 10),
(5, 7, 5, False, 'Δεν μπορεί να επεκταθεί', 'Δεν υπάρχει καμία ζημιά', 7),
(1, 8, 1, False, 'Επιπλέον κρεβάτια', 'Χαλασμένο Καζανάκι', 40),
(2, 8, 2, False, 'Επιπλέον κρεβάτια', 'Χωρίς Ζεστό νερό', 20),
(3, 8, 3, False, 'Επικοινωνία με γειτονικό δωμάτιο', 'Δεν υπάρχει καμία ζημιά', 15),
(4, 8, 4, False, 'Επιπλέον κρεβάτια', 'Χαλασμένο Καζανάκι', 10),
(5, 8, 5, False, 'Δεν μπορεί να επεκταθεί', 'Δεν υπάρχει καμία ζημιά', 7),
(1, 9, 1, False, 'Επιπλέον κρεβάτια', 'Χαλασμένο Καζανάκι', 40),
(2, 9, 2, False, 'Επιπλέον κρεβάτια', 'Χωρίς Ζεστό νερό', 320),
(3, 9, 3, False, 'Επικοινωνία με γειτονικό δωμάτιο', 'Δεν υπάρχει καμία ζημιά', 15),
(4, 9, 4, False, 'Επιπλέον κρεβάτια', 'Χαλασμένο Καζανάκι', 10),
(5, 9, 5, False, 'Δεν μπορεί να επεκταθεί', 'Δεν υπάρχει καμία ζημιά', 7),
(1, 10, 1, False, 'Επιπλέον κρεβάτια', 'Χαλασμένο Καζανάκι', 40),
(2, 10, 2, False, 'Επιπλέον κρεβάτια', 'Χωρίς Ζεστό νερό', 120),
(3, 10, 3, False, 'Επικοινωνία με γειτονικό δωμάτιο', 'Δεν υπάρχει καμία ζημιά', 15),
(4, 10, 4, False, 'Επιπλέον κρεβάτια', 'Χαλασμένο Καζανάκι', 10),
(5, 10, 5, False, 'Δεν μπορεί να επεκταθεί', 'Δεν υπάρχει καμία ζημιά', 7),
(1, 11, 1, False, 'Επιπλέον κρεβάτια', 'Χαλασμένο Καζανάκι', 40),
(2, 11, 2, False, 'Επιπλέον κρεβάτια', 'Χωρίς Ζεστό νερό', 45),
(3, 11, 3, False, 'Επικοινωνία με γειτονικό δωμάτιο', 'Δεν υπάρχει καμία ζημιά', 15),
(4, 11, 4, False, 'Επιπλέον κρεβάτια', 'Χαλασμένο Καζανάκι', 10),
(5, 11, 5, False, 'Δεν μπορεί να επεκταθεί', 'Δεν υπάρχει καμία ζημιά', 7),
(1, 12, 1, False, 'Επιπλέον κρεβάτια', 'Χαλασμένο Καζανάκι', 4),
(2, 12, 2, False, 'Επιπλέον κρεβάτια', 'Χωρίς Ζεστό νερό', 120),
(3, 12, 3, False, 'Επικοινωνία με γειτονικό δωμάτιο', 'Δεν υπάρχει καμία ζημιά', 15),
(4, 12, 4, False, 'Επιπλέον κρεβάτια', 'Χαλασμένο Καζανάκι', 10),
(5, 12, 5, False, 'Δεν μπορεί να επεκταθεί', 'Δεν υπάρχει καμία ζημιά', 7),
(1, 13, 1, False, 'Επιπλέον κρεβάτια', 'Χαλασμένο Καζανάκι', 40),
(2, 13, 2, False, 'Επιπλέον κρεβάτια', 'Χωρίς Ζεστό νερό', 20),
(3, 13, 3, False, 'Επικοινωνία με γειτονικό δωμάτιο', 'Δεν υπάρχει καμία ζημιά', 15),
(4, 13, 4, False, 'Επιπλέον κρεβάτια', 'Χαλασμένο Καζανάκι', 10),
(5, 13, 5, False, 'Δεν μπορεί να επεκταθεί', 'Δεν υπάρχει καμία ζημιά', 7),
(1, 14, 1, False, 'Επιπλέον κρεβάτια', 'Χαλασμένο Καζανάκι', 40),
(2, 14, 2, False, 'Επιπλέον κρεβάτια', 'Χωρίς Ζεστό νερό', 120),
(3, 14, 3, False, 'Επικοινωνία με γειτονικό δωμάτιο', 'Δεν υπάρχει καμία ζημιά', 15),
(4, 14, 4, False, 'Επιπλέον κρεβάτια', 'Χαλασμένο Καζανάκι', 10),
(5, 14, 5, False, 'Δεν μπορεί να επεκταθεί', 'Δεν υπάρχει καμία ζημιά', 500),
(1, 15, 1, False, 'Επιπλέον κρεβάτια', 'Χαλασμένο Καζανάκι', 40),
(2, 15, 2, False, 'Επιπλέον κρεβάτια', 'Χωρίς Ζεστό νερό', 20),
(3, 15, 3, False, 'Επικοινωνία με γειτονικό δωμάτιο', 'Δεν υπάρχει καμία ζημιά', 15),
(4, 15, 4, False, 'Επιπλέον κρεβάτια', 'Χαλασμένο Καζανάκι', 250),
(5, 15, 5, False, 'Δεν μπορεί να επεκταθεί', 'Δεν υπάρχει καμία ζημιά', 23),
(1, 16, 1, False, 'Επιπλέον κρεβάτια', 'Χαλασμένο Καζανάκι', 40),
(2, 16, 2, False, 'Επιπλέον κρεβάτια', 'Χωρίς Ζεστό νερό', 250),
(3, 16, 3, False, 'Επικοινωνία με γειτονικό δωμάτιο', 'Δεν υπάρχει καμία ζημιά', 15),
(4, 16, 4, False, 'Επιπλέον κρεβάτια', 'Χαλασμένο Καζανάκι', 10),
(5, 16, 5, False, 'Δεν μπορεί να επεκταθεί', 'Δεν υπάρχει καμία ζημιά', 500),
(1, 17, 1, False, 'Επιπλέον κρεβάτια', 'Χαλασμένο Καζανάκι', 40),
(2, 17, 2, False, 'Επιπλέον κρεβάτια', 'Χωρίς Ζεστό νερό', 20),
(3, 17, 3, False, 'Επικοινωνία με γειτονικό δωμάτιο', 'Δεν υπάρχει καμία ζημιά', 15),
(4, 17, 4, False, 'Επιπλέον κρεβάτια', 'Χαλασμένο Καζανάκι', 10),
(5, 17, 5, False, 'Δεν μπορεί να επεκταθεί', 'Δεν υπάρχει καμία ζημιά', 30),
(1, 18, 1, False, 'Επιπλέον κρεβάτια', 'Χαλασμένο Καζανάκι', 40),
(2, 18, 2, False, 'Επιπλέον κρεβάτια', 'Χωρίς Ζεστό νερό', 345),
(3, 18, 3, False, 'Επικοινωνία με γειτονικό δωμάτιο', 'Δεν υπάρχει καμία ζημιά', 15),
(4, 18, 4, False, 'Επιπλέον κρεβάτια', 'Χαλασμένο Καζανάκι', 345),
(5, 18, 5, False, 'Δεν μπορεί να επεκταθεί', 'Δεν υπάρχει καμία ζημιά', 7),
(1, 19, 1, False, 'Επιπλέον κρεβάτια', 'Χαλασμένο Καζανάκι', 40),
(2, 19, 2, False, 'Επιπλέον κρεβάτια', 'Χωρίς Ζεστό νερό', 20),
(3, 19, 3, False, 'Επικοινωνία με γειτονικό δωμάτιο', 'Δεν υπάρχει καμία ζημιά', 15),
(4, 19, 4, False, 'Επιπλέον κρεβάτια', 'Χαλασμένο Καζανάκι', 10),
(5, 19, 5, False, 'Δεν μπορεί να επεκταθεί', 'Δεν υπάρχει καμία ζημιά', 30),
(1, 20, 1, False, 'Επιπλέον κρεβάτια', 'Χαλασμένο Καζανάκι', 345),
(2, 20, 2, False, 'Επιπλέον κρεβάτια', 'Χωρίς Ζεστό νερό', 20),
(3, 20, 3, True, 'Επικοινωνία με γειτονικό δωμάτιο', 'Δεν υπάρχει καμία ζημιά', 15),
(4, 20, 4, False, 'Επιπλέον κρεβάτια', 'Χαλασμένο Καζανάκι', 10),
(5, 20, 5, False, 'Δεν μπορεί να επεκταθεί', 'Δεν υπάρχει καμία ζημιά', 30),
(1, 21, 1, True, 'Επιπλέον κρεβάτια', 'Χαλασμένο Καζανάκι', 610),
(2, 21, 2, True, 'Επιπλέον κρεβάτια', 'Χωρίς Ζεστό νερό', 610),
(3, 21, 3, True, 'Επικοινωνία με γειτονικό δωμάτιο', 'Δεν υπάρχει καμία ζημιά', 15),
(4, 21, 4, True, 'Επιπλέον κρεβάτια', 'Χαλασμένο Καζανάκι', 10),
(5, 21, 5, True, 'Δεν μπορεί να επεκταθεί', 'Δεν υπάρχει καμία ζημιά', 30),
(1, 22, 1, True, 'Επιπλέον κρεβάτια', 'Χαλασμένο Καζανάκι', 40),
(2, 22, 2, True, 'Επιπλέον κρεβάτια', 'Χωρίς Ζεστό νερό', 80),
(3, 22, 3, False, 'Επικοινωνία με γειτονικό δωμάτιο', 'Δεν υπάρχει καμία ζημιά', 15),
(4, 22, 4, True, 'Επιπλέον κρεβάτια', 'Χαλασμένο Καζανάκι', 10),
(5, 22, 5, False, 'Δεν μπορεί να επεκταθεί', 'Δεν υπάρχει καμία ζημιά', 70),
(1, 23, 1, False, 'Επιπλέον κρεβάτια', 'Χαλασμένο Καζανάκι', 40),
(2, 23, 2, True, 'Επιπλέον κρεβάτια', 'Χωρίς Ζεστό νερό', 80),
(3, 23, 3, True, 'Επικοινωνία με γειτονικό δωμάτιο', 'Δεν υπάρχει καμία ζημιά', 15),
(4, 23, 4, True, 'Επιπλέον κρεβάτια', 'Χαλασμένο Καζανάκι', 10),
(5, 23, 5, True, 'Δεν μπορεί να επεκταθεί', 'Δεν υπάρχει καμία ζημιά', 70),
(1, 24, 1, False, 'Επιπλέον κρεβάτια', 'Χαλασμένο Καζανάκι', 40),
(2, 24, 2, True, 'Επιπλέον κρεβάτια', 'Χωρίς Ζεστό νερό', 20),
(3, 24, 3, True, 'Επικοινωνία με γειτονικό δωμάτιο', 'Δεν υπάρχει καμία ζημιά', 15),
(4, 24, 4, False, 'Επιπλέον κρεβάτια', 'Χαλασμένο Καζανάκι', 10),
(5, 24, 5, False, 'Δεν μπορεί να επεκταθεί', 'Δεν υπάρχει καμία ζημιά', 70),
(1, 25, 1, True, 'Επιπλέον κρεβάτια', 'Χαλασμένο Καζανάκι', 80),
(2, 25, 2, True, 'Επιπλέον κρεβάτια', 'Χωρίς Ζεστό νερό', 20),
(3, 25, 3, True, 'Επικοινωνία με γειτονικό δωμάτιο', 'Δεν υπάρχει καμία ζημιά', 15),
(4, 25, 4, False, 'Επιπλέον κρεβάτια', 'Χαλασμένο Καζανάκι', 10),
(5, 25, 5, True, 'Δεν μπορεί να επεκταθεί', 'Δεν υπάρχει καμία ζημιά', 220);


CREATE TABLE IF NOT EXISTS Customer (
  Customer_IRS_Number INT UNSIGNED NOT NULL,
  Social_Security_Number INT UNSIGNED NOT NULL,
  First_Name TEXT NOT NULL,
  Last_Name TEXT NOT NULL,
  First_Registration date NOT NULL,
  Street TEXT NOT NULL,
  Number VARCHAR(5) DEFAULT NULL,
  Postal_Code INT(5) NOT NULL,
  City TEXT NOT NULL,
  PRIMARY KEY (Customer_IRS_Number),
  UNIQUE (Social_Security_Number)
  /*KEY (Social_Security_Number)*/
) ENGINE = InnoDB;

INSERT INTO Customer (Customer_IRS_Number, Social_Security_Number, First_Name, Last_Name, First_Registration, Street, Number, Postal_Code, City) VALUES
(000000000001, 00000001, 'Άννα', 'Γούλα', '2017-03-03', 'Συγγρού',54, 73948, 'Αθήνα'),
(000000000002, 00000002, 'Γιάννης', 'Αποστόλου', '2017-03-03', 'Συγγρού',54, 73948, 'Αθήνα'),
(000000000003, 00000003, 'Γιώργος', 'Γεωργίου', '2017-03-03', 'Συγγρού' ,54, 73948, 'Γιάννενα'),
(000000000004, 00000004, 'Παναγιώτης', 'Βούδας', '2017-03-03', 'Συγγρού' ,54, 73948, 'Γιάννενα'),
(000000000005, 00000005, 'Αριάδνη', 'Αριάδνου', '2017-03-03', 'Συγγρού' ,54, 73948, 'Αθήνα'),
(000000000006, 00000006, 'Αλίκη', 'Φίλη', '2017-03-03', 'Συγγρού' ,54, 73948, 'Αθήνα'),
(000000000007, 00000007, 'Άλκηστις', 'Τριανταφύλλου', '2017-03-03', 'Συγγρού', 54, 73948, 'Θεσσαλονίκη'),
(000000000008, 00000008, 'Αντωνία', 'Ξάνθη', '2017-03-03', 'Συγγρού',54, 73948, 'Αθήνα'),
(000000000009, 00000009, 'Αριάδνη', 'Κορκοβίλη', '2017-03-03', 'Τσιμισκή',54, 73948, 'Θεσσαλονίκη'),
(000000000010, 00000010, 'Βενεδίκτη', 'Παρέλλη', '2017-03-03', 'Συγγρού', 54, 73948, 'Αθήνα'),
(000000000011, 00000011, 'Παγώνα', 'Χαρδούβελη', '2017-03-03', 'Συγγρού', 54, 73948, 'Γιάννενα'),
(000000000012, 00000012, 'Άρτεμις', 'Κοντού', '2017-03-03', 'Τσιμισκή', 54, 73948, 'Θεσσαλονίκη'),
(000000000013, 00000013, 'Γκόλφω', 'Ψηλού', '2017-03-03', 'Συγγρού', 54, 73948, 'Αθήνα'),
(000000000014, 00000014, 'Διονυσία', 'Παπαπαρασκευά', '2017-03-03', 'Συγγρού', 54, 73948, 'Αθήνα'),
(000000000015, 00000015, 'Δρυόπη', 'Ξινού', '2017-03-03', 'Συγγρού', 54, 73948, 'Αθήνα'),
(000000000016, 00000016, 'Lilou', 'Combs', '2017-03-03', 'Caboge', 54, 73948, 'Gent'),
(000000000017, 00000017, 'Wayne', 'Skinner', '2017-03-03', 'Συγγρού', 54, 73948, 'Honolulu'),
(000000000018, 00000018, 'Κώστας', 'Παπαδόπουλος', '2017-03-03', 'Συγγρού', 54, 73948, 'Γιάννενα'),
(000000000019, 00000019, 'Ευλαμπία', 'Γούλα', '2017-03-03', 'Συγγρού',54, 73948, 'Αθήνα'),
(000000000020, 00000020, 'Seward', 'Brassington', '2017-03-03', 'Συγγρού', 54, 73948, 'Αθήνα'),
(000000000021, 00000021, 'Manuel', 'Porcher', '2017-03-03', 'Συγγρού', 54, 73948, 'Αθήνα'),
(000000000022, 00000022, 'Μαργαρίτα', 'Παπαδοπούλου', '2017-03-03', 'Συγγρού', 54, 73948, 'Αθήνα'),
(000000000023, 00000023, 'Αναστασία', 'Παπαδοπούλου', '2017-03-03', 'Συγγρού', 54, 73948, 'Αθήνα'),
(000000000024, 00000024, 'Εσμεράλδα', 'Παπαδοπούλου', '2017-03-03', 'Συγγρού', 54, 73948, 'Γιάννενα'),
(000000000025, 00000025, 'Κώστας', 'Αργύρης', '2017-03-03', 'Συγγρού', 54, 73948, 'Αθήνα'),
(000000000026, 00000026, 'Κώστας', 'Μεγάλος', '2017-03-03', 'Τσιμισκή', 54, 73948, 'Θεσσαλονίκη'),
(000000000027, 00000027, 'Alys', 'Giannopoulos', '2017-03-03', 'Συγγρού', 54, 73948, 'New York'),
(000000000028, 00000028, 'Demetra', 'Deadman', '2017-03-03', 'Συγγρού', 54, 73948, 'London'),
(000000000029, 00000029, 'Eryn', 'Michelakakis', '2017-03-03', 'Συγγρού', 54, 73948, 'Αθήνα'),
(000000000030, 00000030, 'Ερμιόνη', 'Παπαδοπούλου', '2017-03-03', 'Συγγρού', 54, 73948, 'Γιάννενα'),
(000000000031, 00000031, 'Kaitlynn', 'Roussel', '2017-03-03', 'Ghaggh', 54, 73948, 'Berlin'),
(000000000032, 00000032, 'Ακριβή', 'Ρηγάτου', '2017-03-03', 'Τσιμισκή', 54, 73948, 'Θεσσαλονίκη'),
(000000000033, 00000033, 'Londyn', 'Howe', '2017-03-03', 'Champs Elysee', 54, 73948, 'Paris'),
(000000000034, 00000034, 'Σεβαστή', 'Καραπιπέρη', '2017-03-03', 'Συγγρού', 54, 73948, 'Αθήνα'),
(000000000035, 00000035, 'Κώστας', 'Καραμανλής', '2017-03-03', 'Συγγρού', 54, 73948, 'Αθήνα'),
(000000000036, 00000036, 'Sybille', 'Dyson', '2017-03-03', 'Συγγρού', 54, 73948, 'Paris'),
(000000000037, 00000037, 'Σοφία', 'Παπαδοπούλου', '2017-03-03', 'Τσιμισκή', 54, 73948, 'Θεσσαλονίκη'),
(000000000038, 00000038, 'Γερόντιος', 'Ζάραγκας', '2017-03-03', 'Συγγρού', 54, 73948, 'Αθήνα'),
(000000000039, 00000039, 'Αδαμαντία', 'Παπαδοπούλου', '2017-03-03', 'Συγγρού', 54, 73948, 'Θεσσαλονίκη'),
(000000000040, 00000040, 'Κώστας', 'Παπαδοπούλου', '2017-03-03', 'Συγγρού', 54, 73948, 'Αθήνα'),
(000000000041, 00000041, 'Έφη', 'Μιχελακάκη', '2017-03-03', 'Τσιμισκή', 54, 73948, 'Θεσσαλονίκη');


CREATE TABLE IF NOT EXISTS Works (
  Employee_IRS_Number BIGINT UNSIGNED NOT NULL,
  Hotel_ID INT UNSIGNED NOT NULL,
  Start_Date date NOT NULL,
  Position VARCHAR(20) NOT NULL,
  Finish_Date date NOT NULL,
  PRIMARY KEY (Employee_IRS_Number),
  FOREIGN KEY (Employee_IRS_Number) REFERENCES Employee(Employee_IRS_Number) ON DELETE CASCADE,
  FOREIGN KEY (Hotel_ID) REFERENCES Hotel(Hotel_ID) ON DELETE CASCADE ON UPDATE CASCADE
) ENGINE = InnoDB;

INSERT INTO Works(Employee_IRS_Number, Hotel_ID, Position, Start_Date, Finish_Date) VALUES
(123456789012, 1, 'Manager', '2010-12-04', '2020-04-28'),
(234567890123, 1, 'Pool Boy', '2010-12-04', '2019-12-04'),
(123406559012, 1, 'Reception', '2010-12-04', '2019-12-04'),
(155456789012, 2, 'Manager', '2010-12-04', '2019-12-04'),
(144456789012, 2, 'Pool Boy', '2010-12-04', '2019-12-04'),
(122456789012, 2, 'Reception', '2010-12-04', '2019-12-04'),
(129456789012, 3, 'Manager', '2010-12-04', '2019-12-04'),
(123456787701, 3, 'Pool Boy', '2010-12-04', '2020-04-28'),
(123456789077, 3, 'Reception', '2010-12-04', '2020-04-28'),
(123456789088, 4, 'Manager', '2010-12-04', '2020-04-28'),
(123456789099, 4, 'Pool Boy', '2010-12-04', '2020-04-28'),
(123456789000, 4, 'Reception', '2010-12-04', '2020-04-28'),
(123456789010, 5, 'Manager', '2010-12-04', '2020-04-28'),
(023456789012, 5, 'Pool Boy', '2010-12-04', '2020-04-28'),
(323456789012, 5, 'Reception', '2010-12-04 ', '2020-04-28'),
(423456789012, 6, 'Manager', '2010-12-04', '2020-04-28'),
(523456789012, 6, 'Pool Boy', '2010-12-04', '2020-04-28'),
(623456789012, 6, 'Reception','2010-12-04', '2020-04-28'),
(723456789012, 7, 'Manager', '2010-12-04', '2020-04-28'),
(823456789012, 7, 'Pool Boy', '2010-12-04', '2020-04-28'),
(923456789012, 7, 'Reception', '2010-12-04', '2020-04-28'),
(123456229012, 8, 'Manager', '2010-12-04', '2020-04-28'),
(123456339012, 8, 'Pool Boy', '2010-12-04', '2020-04-28'),
(123456449012, 8, 'Reception', '2010-12-04', '2020-04-28'),
(123456559012, 9, 'Manager', '2010-12-04', '2020-04-28'),
(123456669012, 9, 'Pool Boy', '2010-12-04', '2020-04-28'),
(123456779012, 9, 'Reception', '2010-12-04', '2020-04-28'),
(123456889012, 10, 'Manager', '2010-12-04', '2020-04-28'),
(123456129012, 10, 'Pool Boy', '2010-12-04', '2020-04-28'),
(123456239012, 10, 'Reception', '2010-12-04', '2020-04-28'),
(123456349012, 11, 'Manager', '2010-12-04', '2020-04-28'),
(123456459012, 11, 'Pool Boy', '2010-12-04', '2020-04-28'),
(999999999993, 11, 'Reception', '2010-12-04', '2020-04-28'),
(123456569012, 12, 'Reception', '2010-12-04', '2020-04-28'),
(123456679012, 12, 'Manager', '2010-12-04', '2020-04-28'),
(123456909012, 12, 'Pool Boy', '2010-12-04', '2020-04-28'),
(123456159012, 13, 'Pool Boy', '2010-12-04', '2020-04-28'),
(123456169012, 13, 'Manager', '2010-12-04', '2020-04-28'),
(123456589012, 13, 'Reception', '2010-12-04', '2020-04-28'),
(123456190012, 14, 'Pool Boy', '2010-12-04', '2020-04-28'),
(444456789012, 14, 'Manager', '2010-12-04', '2020-04-28'),
(555456789012, 14, 'Reception', '2010-12-04', '2020-04-28'),
(999456789012, 15, 'Pool Boy', '2010-12-04', '2020-04-28'),
(321456789012, 15, 'Manager', '2010-12-04', '2020-04-28'),
(987456789012, 15, 'Reception', '2010-12-04', '2020-04-28'),
(876456789012, 16, 'Pool Boy', '2010-12-04', '2020-04-28'),
(654456789012, 16, 'Manager', '2010-12-04', '2020-04-28'),
(543456789012, 16, 'Reception', '2010-12-04', '2020-04-28'),
(559956789012, 17, 'Pool Boy', '2010-12-04', '2020-04-28'),
(338856789012, 17, 'Manager', '2010-12-04', '2020-04-28'),
(123400009012, 17, 'Reception', '2010-12-04', '2020-04-28'),
(111111111111, 18, 'Pool Boy', '2010-12-04', '2020-04-28'),
(222222222222, 18, 'Manager', '2010-12-04', '2020-04-28'),
(333333333333, 18, 'Reception', '2010-12-04', '2020-04-28'),
(444444444444, 19, 'Pool Boy', '2010-12-04', '2020-04-28'),
(555555555555, 19, 'Manager', '2010-12-04', '2020-04-28'),
(666666666666, 19, 'Reception', '2010-12-04', '2020-04-28'),
(777777777777, 20, 'Pool Boy', '2010-12-04', '2020-04-28'),
(888888888888, 20, 'Manager', '2010-12-04', '2020-04-28'),
(888888888884, 20, 'Reception', '2010-12-04', '2020-04-28'),
(999999999999, 21, 'Manager', '2010-12-04', '2020-04-28'),
(200000000003, 21, 'Pool Boy', '2010-12-04', '2020-04-28'),
(101010101010, 21, 'Reception', '2010-12-04', '2020-04-28'),
(100000000001, 22, 'Manager', '2010-12-04', '2020-04-28'),
(100000000002, 23, 'Manager', '2010-12-04', '2020-04-28'),
(100000000003, 24, 'Manager', '2010-12-04', '2020-04-28'),
(100000000004, 25, 'Manager', '2010-12-04', '2020-04-28');


CREATE TABLE IF NOT EXISTS Hotel_Email_Address (
  Hotel_ID INT UNSIGNED NOT NULL,
  Email_Address VARCHAR(50),
  PRIMARY KEY (Email_Address),
  FOREIGN KEY (Hotel_ID) REFERENCES Hotel(Hotel_ID) ON DELETE CASCADE ON UPDATE CASCADE,
  UNIQUE (Hotel_ID)
) ENGINE = InnoDB;

INSERT INTO Hotel_Email_Address (Hotel_ID, Email_Address) VALUES
(1, '1@gmail.com'),
(2, '2@gmail.com'),
(3, '3@gmail.com'),
(4, '4@gmail.com'),
(5, '5@gmail.com'),
(6, '6@gmail.com'),
(7, '7@gmail.com'),
(8, '8@gmail.com'),
(9, '9@gmail.com'),
(10, '10@gmail.com'),
(11, '11@gmail.com'),
(12, '12@gmail.com'),
(13, '13@gmail.com'),
(14, '14@gmail.com'),
(15, '15@gmail.com'),
(16, '16@gmail.com'),
(17, '17@gmail.com'),
(18, '18@gmail.com'),
(19, '19@gmail.com'),
(20, '20@gmail.com'),
(21, '21@gmail.com'),
(22, '22@gmail.com'),
(23, '23@gmail.com'),
(24, '24@gmail.com'),
(25, '25@gmail.com');


CREATE TABLE IF NOT EXISTS Hotel_Phone_Number(
  Hotel_ID INT UNSIGNED NOT NULL,
  Phone_Number VARCHAR(32),
  PRIMARY KEY (Phone_Number),
  FOREIGN KEY (Hotel_ID) REFERENCES Hotel(Hotel_ID) ON DELETE CASCADE ON UPDATE CASCADE,
  UNIQUE (Hotel_ID)

)ENGINE = InnoDB;

INSERT INTO Hotel_Phone_Number (Hotel_ID, Phone_Number) VALUES
(1, '2100000001'),
(2, '2100000002'),
(3, '2100000003'),
(4, '2100000004'),
(5, '2100000005'),
(6, '2100000006'),
(7, '2100000007'),
(8, '2100000008'),
(9, '2100000009'),
(10,'2100000010'),
(11, '2100000011'),
(12, '2100000012'),
(13, '2100000013'),
(14, '2100000014'),
(15, '2100000015'),
(16, '2100000016'),
(17, '2100000017'),
(18, '2100000018'),
(19, '2100000019'),
(20, '2100000020'),
(21, '2100000021'),
(22, '2100000022'),
(23, '2100000023'),
(24, '2100000024'),
(25, '2100000025');

CREATE TABLE IF NOT EXISTS Hotel_Group_Email_Address (
  Hotel_Group_ID INT UNSIGNED NOT NULL,
  Email_Address VARCHAR(50),
  PRIMARY KEY (Email_Address),
  FOREIGN KEY (Hotel_Group_ID) REFERENCES Hotel_Group(Hotel_Group_ID) ON DELETE CASCADE ON UPDATE CASCADE,
  UNIQUE (Hotel_Group_ID)
)ENGINE = InnoDB;

INSERT INTO Hotel_Group_Email_Address (Hotel_Group_ID, Email_Address) VALUES
(1, 'hg1@gmail.com'),
(2, 'hg2@gmail.com'),
(3, 'hg3@gmail.com'),
(4, 'hg4@gmail.com'),
(5, 'hg5@gmail.com');


CREATE TABLE IF NOT EXISTS Hotel_Group_Phone_Number(
  Hotel_Group_ID INT UNSIGNED NOT NULL,
  Phone_Number VARCHAR(32),
  PRIMARY KEY (Phone_Number),
  FOREIGN KEY (Hotel_Group_ID) REFERENCES Hotel_Group(Hotel_Group_ID) ON DELETE CASCADE,
  UNIQUE (Hotel_Group_ID)
)ENGINE = InnoDB;

INSERT INTO Hotel_Group_Phone_Number (Hotel_Group_ID, Phone_Number) VALUES
(1, '2106083001'),
(2, '2106083002'),
(3, '2106083003'),
(4, '2106083004'),
(5, '2106083005');


CREATE TABLE IF NOT EXISTS Rents (
  Rent_ID INT UNSIGNED NOT NULL AUTO_INCREMENT,
  Employee_IRS_Number BIGINT UNSIGNED NOT NULL,
  Customer_IRS_Number INT(12) UNSIGNED NOT NULL,
  Room_ID INT UNSIGNED NOT NULL,
  Hotel_ID INT UNSIGNED NOT NULL,
  Start_Date date NOT NULL,
  Finish_Date date NOT NULL,
  PRIMARY KEY(Rent_ID),
  FOREIGN KEY (Employee_IRS_Number) REFERENCES Employee(Employee_IRS_Number) ON UPDATE CASCADE,
  FOREIGN KEY (Customer_IRS_Number) REFERENCES Customer(Customer_IRS_Number) ON UPDATE CASCADE,
  FOREIGN KEY (Room_ID) REFERENCES Hotel_Room(Room_ID),
  FOREIGN KEY (Hotel_ID) REFERENCES Hotel_Room(Hotel_ID)
  /*KEY (Customer_IRS_Number)*/
)ENGINE = InnoDB;

INSERT INTO Rents(Rent_ID, Employee_IRS_Number, Customer_IRS_Number, Room_ID, Hotel_ID, Start_Date, Finish_Date) VALUES
(34,123456789012,000000000001, 1, 1, '2010-12-04', '2012-04-28'),
(35,123456789012,000000000002, 2, 1,'2010-12-04', '2012-04-28'),
(36,123456789012,000000000003, 3, 1, '2010-12-04', '2012-04-28'),
(37,123456789012,000000000004, 4, 1, '2010-12-04', '2012-04-28'),
(38,123456789012, 000000000005,5, 1, '2010-12-04', '2012-04-28'),

(39,155456789012,000000000001, 1, 2, '2010-12-04', '2012-04-28'),
(40,155456789012,000000000002, 2, 2,'2010-12-04', '2012-04-28'),
(41,155456789012,000000000003, 3, 2, '2010-12-04', '2012-04-28'),
(42,155456789012,000000000004, 4, 2, '2010-12-04', '2012-04-28'),
(43,155456789012, 000000000005,5, 2, '2010-12-04', '2012-04-28'),

(44,129456789012,000000000001, 1, 3, '2010-12-04', '2012-04-28'),
(45,129456789012,000000000002, 2, 3,'2010-12-04', '2012-04-28'),
(46,129456789012,000000000003, 3, 3, '2010-12-04', '2012-04-28'),
(47,129456789012,000000000004, 4, 3, '2010-12-04', '2012-04-28'),
(48,129456789012, 000000000005,5, 3, '2010-12-04', '2012-04-28'),

(49,123456789088,000000000001, 1, 4, '2010-12-04', '2012-04-28'),
(50,123456789088,000000000002, 2, 4,'2010-12-04', '2012-04-28'),
(51,123456789088,000000000003, 3, 4, '2010-12-04', '2012-04-28'),
(52,123456789088,000000000004, 4, 4, '2010-12-04', '2012-04-28'),
(53,123456789088, 000000000005,5, 4, '2010-12-04', '2012-04-28'),

(54,123456789010,000000000001, 1, 5, '2010-12-04', '2012-04-28'),
(55,123456789010,000000000002, 2, 5,'2010-12-04', '2012-04-28'),
(56,123456789010,000000000003, 3, 5, '2010-12-04', '2012-04-28'),
(57,123456789010,000000000004, 4, 5, '2010-12-04', '2012-04-28'),
(58,123456789010, 000000000005,5, 5, '2010-12-04', '2012-04-28'),


(59,423456789012,000000000001, 1, 6, '2010-12-04', '2012-04-28'),
(60,423456789012,000000000002, 2, 6,'2010-12-04', '2012-04-28'),
(61,423456789012,000000000003, 3, 6, '2010-12-04', '2012-04-28'),
(62,423456789012,000000000004, 4, 6, '2010-12-04', '2012-04-28'),
(63,423456789012, 000000000005,5, 6, '2010-12-04', '2012-04-28'),

(64,723456789012,000000000001, 1, 7, '2010-12-04', '2012-04-28'),
(65,723456789012,000000000002, 2, 7,'2010-12-04', '2012-04-28'),
(66,723456789012,000000000003, 3, 7, '2010-12-04', '2012-04-28'),
(67,723456789012,000000000004, 4, 7, '2010-12-04', '2012-04-28'),
(68,723456789012, 000000000005,5, 7, '2010-12-04', '2012-04-28'),

(69,123456229012,000000000001, 1, 8, '2010-12-04', '2012-04-28'),
(70,123456229012,000000000002, 2, 8,'2010-12-04', '2012-04-28'),
(71,123456229012,000000000003, 3, 8, '2010-12-04', '2012-04-28'),
(72,123456229012,000000000004, 4, 8, '2010-12-04', '2012-04-28'),
(73,123456229012, 000000000005,5, 8, '2010-12-04', '2012-04-28'),


(74,123456559012,000000000001, 1, 9, '2010-12-04', '2012-04-28'),
(75,123456559012,000000000002, 2, 9,'2010-12-04', '2012-04-28'),
(76,123456559012,000000000003, 3, 9, '2010-12-04', '2012-04-28'),
(77,123456559012,000000000004, 4, 9, '2010-12-04', '2012-04-28'),
(78,123456559012, 000000000005,5, 9, '2010-12-04', '2012-04-28'),

(79,123456889012,000000000001, 1, 10, '2010-12-04', '2012-04-28'),
(80,123456889012,000000000002, 2, 10,'2010-12-04', '2012-04-28'),
(81,123456889012,000000000003, 3, 10, '2010-12-04', '2012-04-28'),
(82,123456889012,000000000004, 4, 10, '2010-12-04', '2012-04-28'),
(83,123456889012, 000000000005,5, 10, '2010-12-04', '2012-04-28'),

(84,123456349012,000000000001, 1, 11, '2010-12-04', '2012-04-28'),
(85,123456349012,000000000002, 2, 11,'2010-12-04', '2012-04-28'),
(86,123456349012,000000000003, 3, 11, '2010-12-04', '2012-04-28'),
(87,123456349012,000000000004, 4, 11, '2010-12-04', '2012-04-28'),
(88,123456349012, 000000000005,5, 11, '2010-12-04', '2012-04-28'),

(89,123456569012,000000000001, 1, 12, '2010-12-04', '2012-04-28'),
(90,123456569012,000000000002, 2, 12,'2010-12-04', '2012-04-28'),
(91,123456569012,000000000003, 3, 12, '2010-12-04', '2012-04-28'),
(92,123456569012,000000000004, 4, 12, '2010-12-04', '2012-04-28'),
(93,123456569012, 000000000005,5, 12, '2010-12-04', '2012-04-28'),

(94,123456159012,000000000001, 1, 13, '2010-12-04', '2012-04-28'),
(95,123456159012,000000000002, 2, 13,'2010-12-04', '2012-04-28'),
(96,123456159012,000000000003, 3, 13, '2010-12-04', '2012-04-28'),
(97,123456159012,000000000004, 4, 13, '2010-12-04', '2012-04-28'),
(98,123456159012, 000000000005,5, 13, '2010-12-04', '2012-04-28'),

(99,123456190012,000000000001, 1, 14, '2010-12-04', '2012-04-28'),
(100,123456190012,000000000002, 2, 14,'2010-12-04', '2012-04-28'),
(101,123456190012,000000000003, 3, 14, '2010-12-04', '2012-04-28'),
(102,123456190012,000000000004, 4, 14, '2010-12-04', '2012-04-28'),
(103,123456190012, 000000000005,5, 14, '2010-12-04', '2012-04-28'),

(104,999456789012,000000000001, 1, 15, '2010-12-04', '2012-04-28'),
(105,999456789012,000000000002, 2, 15,'2010-12-04', '2012-04-28'),
(106,999456789012,000000000003, 3, 15, '2010-12-04', '2012-04-28'),
(107,999456789012,000000000004, 4, 15, '2010-12-04', '2012-04-28'),
(108,999456789012, 000000000005,5, 15, '2010-12-04', '2012-04-28'),

(109,876456789012,000000000001, 1, 16, '2010-12-04', '2012-04-28'),
(110,876456789012,000000000002, 2, 16,'2010-12-04', '2012-04-28'),
(111,876456789012,000000000003, 3, 16, '2010-12-04', '2012-04-28'),
(112,876456789012,000000000004, 4, 16, '2010-12-04', '2012-04-28'),
(113,876456789012, 000000000005,5, 16, '2010-12-04', '2012-04-28'),

(114,559956789012,000000000001, 1, 17, '2010-12-04', '2012-04-28'),
(115,559956789012,000000000002, 2, 17,'2010-12-04', '2012-04-28'),
(116,559956789012,000000000003, 3, 17, '2010-12-04', '2012-04-28'),
(117,559956789012,000000000004, 4, 17, '2010-12-04', '2012-04-28'),
(118,559956789012, 000000000005,5, 17, '2010-12-04', '2012-04-28'),

(119,111111111111,000000000001, 1, 18, '2010-12-04', '2012-04-28'),
(120,111111111111,000000000002, 2, 18,'2010-12-04', '2012-04-28'),
(121,111111111111,000000000003, 3, 18, '2010-12-04', '2012-04-28'),
(122,111111111111,000000000004, 4, 18, '2010-12-04', '2012-04-28'),
(123,111111111111, 000000000005,5, 18, '2010-12-04', '2012-04-28'),

(124,444444444444,000000000001, 1, 19, '2010-12-04', '2012-04-28'),
(125,444444444444,000000000002, 2, 19,'2010-12-04', '2012-04-28'),
(126,444444444444,000000000003, 3, 19, '2010-12-04', '2012-04-28'),
(127,444444444444,000000000004, 4, 19, '2010-12-04', '2012-04-28'),
(128,444444444444, 000000000005,5, 19, '2010-12-04', '2012-04-28'),

(129,777777777777,000000000001, 1, 20, '2010-12-04', '2012-04-28'),
(130,777777777777,000000000002, 2, 20,'2010-12-04', '2012-04-28'),
(131,777777777777,000000000003, 3, 20, '2010-12-04', '2012-04-28'),
(132,777777777777,000000000004, 4, 20, '2010-12-04', '2012-04-28'),
(133,777777777777, 000000000005,5, 20, '2010-12-04', '2012-04-28'),

(134,999999999999,000000000001, 1, 21, '2010-12-04', '2012-04-28'),
(135,999999999999,000000000002, 2, 21,'2010-12-04', '2012-04-28'),
(136,999999999999,000000000003, 3, 21, '2010-12-04', '2012-04-28'),
(137,999999999999,000000000004, 4, 21, '2010-12-04', '2012-04-28'),
(138,999999999999, 000000000005,5, 21, '2010-12-04', '2012-04-28'),

(139,100000000001,000000000001, 1, 22, '2010-12-04', '2012-04-28'),
(140,100000000001,000000000002, 2, 22,'2010-12-04', '2012-04-28'),
(141,100000000001,000000000003, 3, 22, '2010-12-04', '2012-04-28'),
(142,100000000001,000000000004, 4, 22, '2010-12-04', '2012-04-28'),
(143,100000000001, 000000000005,5, 22, '2010-12-04', '2012-04-28'),

(144,100000000002,000000000001, 1, 23, '2010-12-04', '2012-04-28'),
(145,100000000002,000000000002, 2, 23,'2010-12-04', '2012-04-28'),
(146,100000000002,000000000003, 3, 23, '2010-12-04', '2012-04-28'),
(147,100000000002,000000000004, 4, 23, '2010-12-04', '2012-04-28'),
(148,100000000002, 000000000005,5, 23, '2010-12-04', '2012-04-28'),

(149,100000000003,000000000001, 1, 24, '2010-12-04', '2012-04-28'),
(150,100000000003,000000000002, 2, 24,'2010-12-04', '2012-04-28'),
(151,100000000003,000000000003, 3, 24, '2010-12-04', '2012-04-28'),
(152,100000000003,000000000004, 4, 24, '2010-12-04', '2012-04-28'),
(153,100000000003, 000000000005,5, 24, '2010-12-04', '2012-04-28'),

(154,100000000004,000000000001, 1, 25, '2010-12-04', '2012-04-28'),
(155,100000000004,000000000002, 2, 25,'2010-12-04', '2012-04-28'),
(156,100000000004,000000000003, 3, 25, '2010-12-04', '2012-04-28'),
(157,100000000004,000000000004, 4, 25, '2010-12-04', '2012-04-28'),
(158,100000000004, 000000000005,5, 25, '2010-12-04', '2012-04-28'),

(1, 123456789012, 000000000001, 1, 1, '2017-06-06','2017-07-28'),
(2, 155456789012, 000000000002, 1, 2, '2017-06-06','2017-07-28'),
(3, 129456789012, 000000000003, 1, 3, '2017-06-06','2017-07-28'),
(4, 123456789088, 000000000004, 1, 4, '2017-06-06','2017-07-28'),
(5, 123456789010, 000000000005, 1, 5, '2017-06-06','2017-07-28'),
(6, 423456789012, 000000000006, 1, 6, '2017-06-06','2017-07-28'),
(7, 723456789012, 000000000007, 1, 7, '2017-06-06','2017-07-28'),
(8, 123456229012, 000000000008, 1, 8, '2017-06-06','2017-07-28'),
(9, 123456559012, 000000000009, 1, 9, '2017-06-06','2017-07-28'),
(10, 123456889012, 000000000010, 1, 10, '2017-05-28', '2017-06-06'),
(11, 123456349012, 000000000011, 1, 11, '2017-05-28', '2017-06-06'),
(12, 123456569012, 000000000012, 1, 12, '2017-05-28', '2017-06-06'),
(13, 123456169012, 000000000013, 1, 13, '2017-05-28', '2017-06-06'),
(14, 444456789012, 000000000014, 1, 14, '2017-05-28', '2017-06-06'),
(15, 321456789012, 000000000015, 1, 15, '2017-05-28', '2017-06-06'),
(16, 654456789012, 000000000016, 1, 16, '2017-05-28', '2017-06-06'),
(17, 338856789012, 000000000017, 1, 17, '2017-05-28', '2017-06-06'),
(18, 222222222222, 000000000018, 1, 18, '2017-05-28', '2017-06-06'),
(19, 555555555555, 000000000019, 1, 19, '2017-05-28', '2017-06-16'),
(20, 888888888888, 000000000020, 3, 20, '2017-05-28', '2017-06-06'),
(21, 888888888888, 000000000021, 3, 20, '2017-06-28', '2017-07-06'),
(22, 888888888888, 000000000022, 3, 20, '2017-07-28', '2017-08-06'),
(23, 999999999999, 000000000023, 3, 21, '2017-05-28', '2017-06-06'),
(24, 999999999999, 000000000024, 3, 21, '2017-06-28', '2017-07-06'),
(25, 999999999999, 000000000025, 3, 21, '2017-07-28', '2017-08-06'),
(26, 123456789012, 000000000001, 1, 1, '2018-05-23','2018-06-01'),
(27, 155456789012, 000000000002, 1, 2, '2018-05-24','2018-06-02'),
(28, 129456789012, 000000000003, 1, 3, '2018-05-25','2018-06-03'),
(29, 123456789088, 000000000004, 1, 4, '2018-05-26','2018-06-04'),
(30, 123456789010, 000000000005, 1, 5, '2018-05-27','2018-06-05'),
(31, 423456789012, 000000000006, 1, 6, '2018-05-28','2018-06-06'),
(32, 723456789012, 000000000007, 1, 7, '2018-05-29','2018-06-07'),
(33, 123456229012, 000000000008, 1, 8, '2018-05-30','2018-06-08');


CREATE TABLE IF NOT EXISTS Room_Amenities(
  Room_ID INT UNSIGNED NOT NULL,
  Hotel_ID INT UNSIGNED NOT NULL,
  Amenities TEXT NOT NULL,
  FOREIGN KEY (Room_ID) REFERENCES Hotel_Room(Room_ID) ON DELETE CASCADE ON UPDATE CASCADE,
  FOREIGN KEY (Hotel_ID)  REFERENCES Hotel(Hotel_ID) ON DELETE CASCADE ON UPDATE CASCADE,
  UNIQUE (Hotel_ID, Room_ID)
  /*KEY (Room_ID, Hotel_ID)*/
) ENGINE = InnoDB;

INSERT INTO Room_Amenities(Room_ID, Hotel_ID, Amenities) VALUES
(1, 1, 'Τηλεόραση, Κλίματισμός, Τζακούζι'),
(2, 1, 'Ψυγείο, Τηλεόραση, Τζακούζι'),
(3, 1, 'Ψυγείο, Τηλεόραση, Κλίματισμός'),
(4, 1, 'Ψυγείο, Τηλεόραση, Κλίματισμός, Τζακούζι'),
(5, 1, 'Ψυγείο, Τηλεόραση'),
(1, 2, 'Ψυγείο, Τηλεόραση, Κλίματισμός'),
(2, 2, 'Ψυγείο, Τηλεόραση, Κλίματισμός, Τζακούζι'),
(3, 2, 'Ψυγείο, Τηλεόραση, Κλίματισμός, Τζακούζι'),
(4, 2, 'Ψυγείο, Τηλεόραση, Κλίματισμός, Τζακούζι'),
(5, 2, 'Ψυγείο, Κλίματισμός'),
(1, 3, 'Ψυγείο, Τηλεόραση, Κλίματισμός, Τζακούζι'),
(2, 3, 'Ψυγείο, Τηλεόραση, Τζακούζι'),
(3, 3, 'Ψυγείο, Τηλεόραση, Κλίματισμός, Τζακούζι'),
(4, 3, 'Ψυγείο, Τηλεόραση, Κλίματισμός, Τζακούζι'),
(5, 3, 'Ψυγείο, Κλίματισμός, Τζακούζι'),
(1, 4, 'Ψυγείο, Τηλεόραση, Τζακούζι'),
(2, 4, 'Ψυγείο, Τηλεόραση, Κλίματισμός, Τζακούζι'),
(3, 4, 'Ψυγείο, Κλίματισμός, Τζακούζι'),
(4, 4, 'Ψυγείο, Τηλεόραση, Κλίματισμός'),
(5, 4, 'Ψυγείο, Τηλεόραση, Κλίματισμός, Τζακούζι'),
(1, 5, 'Ψυγείο, Τηλεόραση, Κλίματισμός, Τζακούζι'),
(2, 5, 'Τηλεόραση, Κλίματισμός, Τζακούζι'),
(3, 5, 'Ψυγείο, Τηλεόραση, Κλίματισμός, Τζακούζι'),
(4, 5, 'Ψυγείο, Τηλεόραση, Τζακούζι'),
(5, 5, 'Ψυγείο, Τηλεόραση, Κλίματισμός, Τζακούζι'),
(1, 6, 'Ψυγείο, Τηλεόραση, Κλίματισμός, Τζακούζι'),
(2, 6, 'Ψυγείο, Κλίματισμός, Τζακούζι'),
(3, 6, 'Ψυγείο, Τηλεόραση, Κλίματισμός, Τζακούζι'),
(4, 6, 'Ψυγείο, Τηλεόραση, Κλίματισμός'),
(5, 6, 'Ψυγείο, Τηλεόραση, Κλίματισμός, Τζακούζι'),
(1, 7, 'Ψυγείο, Τηλεόραση, Κλίματισμός, Τζακούζι'),
(2, 7, 'Ψυγείο, Τηλεόραση, Κλίματισμός, Τζακούζι'),
(3, 7, 'Ψυγείο, Τηλεόραση, Κλίματισμός, Τζακούζι'),
(4, 7, 'Ψυγείο, Τηλεόραση, Κλίματισμός, Τζακούζι'),
(5, 7, 'Ψυγείο, Τηλεόραση, Τζακούζι'),
(1, 8, 'Ψυγείο, Κλίματισμός, Τζακούζι'),
(2, 8, 'Ψυγείο, Κλίματισμός, Τζακούζι'),
(3, 8, 'Κλίματισμός, Τζακούζι'),
(4, 8, 'Τηλεόραση, Τζακούζι'),
(5, 8, 'Τηλεόραση, Κλίματισμός, Τζακούζι'),
(1, 9, 'Ψυγείο, Τηλεόραση, Κλίματισμός, Τζακούζι'),
(2, 9, 'Ψυγείο, Τηλεόραση, Κλίματισμός, Τζακούζι'),
(3, 9, 'Τηλεόραση, Κλίματισμός, Τζακούζι'),
(4, 9, 'Ψυγείο, Τηλεόραση, Κλίματισμός, Τζακούζι'),
(5, 9, 'Ψυγείο, Τηλεόραση, Κλίματισμός, Τζακούζι'),
(1, 10, 'Ψυγείο, Τηλεόραση, Κλίματισμός, Τζακούζι'),
(2, 10, 'Ψυγείο, Τηλεόραση, Κλίματισμός, Τζακούζ'),
(3, 10, 'Τηλεόραση, Κλίματισμός, Τζακούζι'),
(4, 10, 'Ψυγείο, Τηλεόραση, Κλίματισμός, Τζακούζι'),
(5, 10, 'Ψυγείο, Τηλεόραση, Τζακούζι'),
(1, 11, 'Ψυγείο, Τηλεόραση, Κλίματισμός, Τζακούζι'),
(2, 11, 'Ψυγείο, Τηλεόραση, Κλίματισμός, Τζακούζι'),
(3, 11, 'Κλίματισμός, Τζακούζι'),
(4, 11, 'Ψυγείο, Τηλεόραση, Κλίματισμός, Τζακούζι'),
(5, 11, 'Ψυγείο, Τηλεόραση, Κλίματισμός, Τζακούζι'),
(1, 12, 'Ψυγείο, Τηλεόραση, Κλίματισμός, Τζακούζι'),
(2, 12, 'Τηλεόραση, Κλίματισμός, Τζακούζι'),
(3, 12, 'Ψυγείο, Τηλεόραση, Κλίματισμός, Τζακούζι'),
(4, 12, 'Ψυγείο, Τηλεόραση, Κλίματισμός, Τζακούζι'),
(5, 12, 'Ψυγείο, Τηλεόραση, Κλίματισμός'),
(1, 13, 'Ψυγείο, Τηλεόραση, Κλίματισμός, Τζακούζι'),
(2, 13, 'Ψυγείο, Τηλεόραση, Κλίματισμός, Τζακούζι'),
(3, 13, 'Ψυγείο, Τηλεόραση, Κλίματισμός, Τζακούζι'),
(4, 13, 'Ψυγείο, Τηλεόραση, Κλίματισμός'),
(5, 13, 'Ψυγείο, Τηλεόραση, Κλίματισμός, Τζακούζι'),
(1, 14, 'Ψυγείο, Τηλεόραση, Κλίματισμός, Τζακούζι, Υδρομασάζ'),
(2, 14, 'Ψυγείο, Τηλεόραση, Κλίματισμός, Τζακούζι, Υδρομασάζ'),
(3, 14, 'Ψυγείο, Τηλεόραση, Κλίματισμός, Τζακούζι, Υδρομασάζ'),
(4, 14, 'Τηλεόραση, Κλίματισμός, Τζακούζι, Υδρομασάζ'),
(5, 14, 'Ψυγείο, Τηλεόραση, Κλίματισμός, Τζακούζι, Υδρομασάζ'),
(1, 15, 'Ψυγείο, Τηλεόραση, Τζακούζι, Υδρομασάζ'),
(2, 15, 'Τηλεόραση, Κλίματισμός, Τζακούζι, Υδρομασάζ'),
(3, 15, 'Ψυγείο, Τηλεόραση, Κλίματισμός, Τζακούζι, Υδρομασάζ'),
(4, 15, 'Ψυγείο, Τηλεόραση, Κλίματισμός, Υδρομασάζ'),
(5, 15, 'Ψυγείο, Τηλεόραση, Κλίματισμός, Τζακούζι, Υδρομασάζ'),
(1, 16, 'Ψυγείο, Τηλεόραση, Κλίματισμός, Τζακούζι, Υδρομασάζ'),
(2, 16, 'Ψυγείο, Τηλεόραση, Κλίματισμός, Υδρομασάζ'),
(3, 16, 'Ψυγείο, Τηλεόραση, Κλίματισμός, Τζακούζι, Υδρομασάζ'),
(4, 16, 'Ψυγείο, Τηλεόραση, Κλίματισμός, Τζακούζι, Υδρομασάζ'),
(5, 16, 'Ψυγείο, Τηλεόραση, Κλίματισμός, Τζακούζι, Υδρομασάζ'),
(1, 17, 'Ψυγείο, Τηλεόραση, Κλίματισμός, Τζακούζι, Υδρομασάζ'),
(2, 17, 'Ψυγείο, Τηλεόραση, Τζακούζι, Υδρομασάζ'),
(3, 17, 'Ψυγείο, Τηλεόραση, Τζακούζι, Υδρομασάζ'),
(4, 17, 'Ψυγείο, Τηλεόραση, Κλίματισμός, Τζακούζι, Υδρομασάζ'),
(5, 17, 'Ψυγείο, Τηλεόραση, Κλίματισμός, Τζακούζι, Υδρομασάζ'),
(1, 18, 'Ψυγείο, Τηλεόραση, Κλίματισμός, Τζακούζι, Υδρομασάζ'),
(2, 18, 'Ψυγείο, Τηλεόραση, Τζακούζι, Υδρομασάζ'),
(3, 18, 'Τηλεόραση, Κλίματισμός, Τζακούζι, Υδρομασάζ'),
(4, 18, 'Τηλεόραση, Κλίματισμός, Τζακούζι, Υδρομασάζ'),
(5, 18, 'Ψυγείο, Τηλεόραση, Κλίματισμός, Τζακούζι, Υδρομασάζ'),
(1, 19, 'Ψυγείο, Τηλεόραση, Κλίματισμός, Τζακούζι, Υδρομασάζ'),
(2, 19, 'Ψυγείο, Τηλεόραση, Κλίματισμός, Τζακούζι, Υδρομασάζ'),
(3, 19, 'Ψυγείο, Τηλεόραση, Κλίματισμός, Τζακούζι, Υδρομασάζ'),
(4, 19, 'Ψυγείο, Κλίματισμός, Τζακούζι, Υδρομασάζ'),
(5, 19, 'Ψυγείο, Τηλεόραση, Κλίματισμός, Τζακούζι, Υδρομασάζ'),
(1, 20, 'Ψυγείο, Τηλεόραση, Τζακούζι, Υδρομασάζ'),
(2, 20, 'Ψυγείο, Τηλεόραση, Κλίματισμός, Τζακούζι, Υδρομασάζ'),
(3, 20, 'Ψυγείο, Τηλεόραση, Κλίματισμός, Τζακούζι, Υδρομασάζ'),
(4, 20, 'Ψυγείο, Τηλεόραση, Κλίματισμός, Τζακούζι, Υδρομασάζ'),
(5, 20, 'Ψυγείο, Τηλεόραση, Κλίματισμός, Τζακούζι, Υδρομασάζ'),
(1, 21, 'Ψυγείο, Τηλεόραση, Τζακούζι, Υδρομασάζ'),
(2, 21, 'Ψυγείο, Τηλεόραση, Κλίματισμός, Υδρομασάζ'),
(3, 21, 'Ψυγείο, Τηλεόραση, Κλίματισμός, Τζακούζι, Υδρομασάζ'),
(4, 21, 'Ψυγείο, Τηλεόραση, Κλίματισμός, Τζακούζι, Υδρομασάζ'),
(5, 21, 'Ψυγείο, Τηλεόραση, Κλίματισμός, Υδρομασάζ'),
(1, 22, 'Ψυγείο, Τηλεόραση, Κλίματισμός, Υδρομασάζ'),
(2, 22, 'Ψυγείο, Κλίματισμός, Τζακούζι, Υδρομασάζ'),
(3, 22, 'Ψυγείο, Τηλεόραση, Κλίματισμός, Τζακούζι, Υδρομασάζ'),
(4, 22, 'Ψυγείο, Τηλεόραση, Κλίματισμός, Τζακούζι, Υδρομασάζ'),
(5, 22, 'Ψυγείο, Τηλεόραση, Κλίματισμός, Τζακούζι, Υδρομασάζ'),
(1, 23, 'Ψυγείο, Τηλεόραση, Κλίματισμός, Τζακούζι, Υδρομασάζ'),
(2, 23, 'Ψυγείο, Τηλεόραση, Κλίματισμός, Τζακούζι, Υδρομασάζ'),
(3, 23, 'Κλίματισμός, Τζακούζι, Υδρομασάζ'),
(4, 23, 'Ψυγείο, Τηλεόραση, Κλίματισμός, Τζακούζι, Υδρομασάζ'),
(5, 23, 'Ψυγείο, Τηλεόραση, Κλίματισμός, Τζακούζι, Υδρομασάζ'),
(1, 24, 'Τηλεόραση, Τζακούζι, Υδρομασάζ'),
(2, 24, 'Ψυγείο, Τηλεόραση, Κλίματισμός, Τζακούζι, Υδρομασάζ'),
(3, 24, 'Κλίματισμός, Τζακούζι, Υδρομασάζ'),
(4, 24, 'Τηλεόραση, Κλίματισμός, Υδρομασάζ'),
(5, 24, 'Τηλεόραση, Κλίματισμός, Τζακούζι, Υδρομασάζ'),
(1, 25, 'Ψυγείο, Τηλεόραση, Κλίματισμός, Τζακούζι, Υδρομασάζ'),
(2, 25, 'Ψυγείο, Τηλεόραση, Κλίματισμός, Τζακούζι, Υδρομασάζ'),
(3, 25, 'Ψυγείο, Τηλεόραση, Κλίματισμός, Τζακούζι, Υδρομασάζ'),
(4, 25, 'Ψυγείο, Τηλεόραση, Τζακούζι, Υδρομασάζ'),
(5, 25, 'Ψυγείο, Τηλεόραση, Κλίματισμός, Τζακούζι, Υδρομασάζ');

CREATE TABLE IF NOT EXISTS Reserves(
  Room_ID INT UNSIGNED NOT NULL,
  Hotel_ID INT UNSIGNED NOT NULL,
  Customer_IRS_Number INT UNSIGNED NOT NULL,
  Start_Date date NOT NULL,
  Finish_Date date NOT NULL,
  Paid boolean NOT NULL,
  FOREIGN KEY (Room_ID) REFERENCES Hotel_Room(Room_ID),
  FOREIGN KEY (Customer_IRS_Number) REFERENCES Customer(Customer_IRS_Number) ON UPDATE CASCADE,
  FOREIGN KEY (Hotel_ID) REFERENCES Hotel(Hotel_ID)
  /*KEY (Customer_IRS_Number)*/
) ENGINE = InnoDB;

INSERT INTO Reserves(Room_ID, Hotel_ID, Customer_IRS_Number, Start_Date, Finish_Date, Paid) VALUES
(1, 1,000000000001, '2010-12-04', '2012-04-28', True),
(2, 1,000000000002, '2010-12-04', '2012-04-28', True),
(3, 1,000000000003,  '2010-12-04', '2012-04-28', True),
(4, 1,000000000004,  '2010-12-04', '2012-04-28', True),
(5, 1, 000000000005, '2010-12-04', '2012-04-28', True),

(1, 2,000000000001,  '2010-12-04', '2012-04-28', True),
(2, 2,000000000002, '2010-12-04', '2012-04-28', True),
(3, 2,000000000003,  '2010-12-04', '2012-04-28', True),
(4, 2,000000000004, '2010-12-04', '2012-04-28', True),
(5, 2, 000000000005, '2010-12-04', '2012-04-28', True),

(1, 3, 000000000001, '2010-12-04', '2012-04-28', True),
(2, 3,000000000002, '2010-12-04', '2012-04-28', True),
(3, 3,000000000003,  '2010-12-04', '2012-04-28', True),
(4, 3,000000000004,  '2010-12-04', '2012-04-28', True),
(5, 3, 000000000005, '2010-12-04', '2012-04-28', True),

(1, 4,000000000001,  '2010-12-04', '2012-04-28', True),
(2, 4,000000000002, '2010-12-04', '2012-04-28', True),
(3, 4,000000000003,  '2010-12-04', '2012-04-28', True),
(4, 4,000000000004,  '2010-12-04', '2012-04-28', True),
(5, 4, 000000000005, '2010-12-04', '2012-04-28', True),

(1, 5,000000000001,  '2010-12-04', '2012-04-28', True),
(2, 5,000000000002, '2010-12-04', '2012-04-28', True),
(3, 5,000000000003,  '2010-12-04', '2012-04-28', True),
(4, 5,000000000004,  '2010-12-04', '2012-04-28', True),
(5, 5, 000000000005, '2010-12-04', '2012-04-28', True),

(1, 6,000000000001, '2010-12-04', '2012-04-28', True),
( 2, 6,000000000002,'2010-12-04', '2012-04-28', True),
(3, 6,000000000003,  '2010-12-04', '2012-04-28', True),
(4, 6,000000000004,  '2010-12-04', '2012-04-28', True),
(5, 6, 000000000005, '2010-12-04', '2012-04-28', True),

( 1, 7,000000000001, '2010-12-04', '2012-04-28', True),
(2, 7,000000000002, '2010-12-04', '2012-04-28', True),
(3, 7,000000000003,  '2010-12-04', '2012-04-28', True),
(4, 7,000000000004,  '2010-12-04', '2012-04-28', True),
(5, 7, 000000000005, '2010-12-04', '2012-04-28', True),

(1, 8,000000000001,  '2010-12-04', '2012-04-28', True),
(2, 8,000000000002, '2010-12-04', '2012-04-28', True),
(3, 8,000000000003,  '2010-12-04', '2012-04-28', True),
(4, 8,000000000004, '2010-12-04', '2012-04-28', True),
(5, 8, 000000000005, '2010-12-04', '2012-04-28', True),


(1, 9,000000000001,  '2010-12-04', '2012-04-28', True),
(2, 9,000000000002, '2010-12-04', '2012-04-28', True),
(3, 9,000000000003,  '2010-12-04', '2012-04-28', True),
(4, 9,000000000004, '2010-12-04', '2012-04-28', True),
(5, 9, 000000000005, '2010-12-04', '2012-04-28', True),

(1, 10,000000000001,  '2010-12-04', '2012-04-28', True),
(2, 10,000000000002, '2010-12-04', '2012-04-28', True),
(3, 10,000000000003,  '2010-12-04', '2012-04-28', True),
(4, 10,000000000004,  '2010-12-04', '2012-04-28', True),
(5, 10, 000000000005, '2010-12-04', '2012-04-28', True),

(1, 11,000000000001,  '2010-12-04', '2012-04-28', True),
( 2, 11,000000000002,'2010-12-04', '2012-04-28', True),
(3, 11,000000000003,  '2010-12-04', '2012-04-28', True),
(4, 11,000000000004,  '2010-12-04', '2012-04-28', True),
(5, 11, 000000000005, '2010-12-04', '2012-04-28', True),

(1, 12,000000000001,  '2010-12-04', '2012-04-28', True),
(2, 12,000000000002, '2010-12-04', '2012-04-28', True),
(3, 12,000000000003, '2010-12-04', '2012-04-28', True),
(4, 12,000000000004, '2010-12-04', '2012-04-28', True),
(5, 12, 000000000005, '2010-12-04', '2012-04-28', True),

(1, 13,000000000001,  '2010-12-04', '2012-04-28', True),
(2, 13,000000000002, '2010-12-04', '2012-04-28', True),
(3, 13,000000000003, '2010-12-04', '2012-04-28', True),
(4, 13,000000000004,  '2010-12-04', '2012-04-28', True),
(5, 13, 000000000005, '2010-12-04', '2012-04-28', True),

(1, 14,000000000001,  '2010-12-04', '2012-04-28', True),
(2, 14,000000000002, '2010-12-04', '2012-04-28', True),
(3, 14,000000000003, '2010-12-04', '2012-04-28', True),
(4, 14,000000000004, '2010-12-04', '2012-04-28', True),
(5, 14, 000000000005, '2010-12-04', '2012-04-28', True),

(1, 15,000000000001,  '2010-12-04', '2012-04-28', True),
(2, 15,000000000002, '2010-12-04', '2012-04-28', True),
(3, 15,000000000003, '2010-12-04', '2012-04-28', True),
(4, 15,000000000004,  '2010-12-04', '2012-04-28', True),
(5, 15, 000000000005, '2010-12-04', '2012-04-28', True),

( 1, 16,000000000001, '2010-12-04', '2012-04-28', True),
(2, 16,000000000002, '2010-12-04', '2012-04-28', True),
(3, 16,000000000003,  '2010-12-04', '2012-04-28', True),
(4, 16,000000000004,  '2010-12-04', '2012-04-28', True),
(5, 16, 000000000005, '2010-12-04', '2012-04-28', True),

(1, 17,000000000001,  '2010-12-04', '2012-04-28', True),
(2, 17,000000000002, '2010-12-04', '2012-04-28', True),
( 3, 17,000000000003, '2010-12-04', '2012-04-28', True),
(4, 17,000000000004,  '2010-12-04', '2012-04-28', True),
(5, 17, 000000000005, '2010-12-04', '2012-04-28', True),

(1, 18,000000000001,  '2010-12-04', '2012-04-28', True),
(2, 18,000000000002, '2010-12-04', '2012-04-28', True),
( 3, 18,000000000003, '2010-12-04', '2012-04-28', True),
(4, 18,000000000004,  '2010-12-04', '2012-04-28', True),
(5, 18, 000000000005, '2010-12-04', '2012-04-28', True),

(1, 19,000000000001,  '2010-12-04', '2012-04-28', True),
( 2, 19,000000000002,'2010-12-04', '2012-04-28', True),
( 3, 19,000000000003, '2010-12-04', '2012-04-28', True),
(4, 19,000000000004,  '2010-12-04', '2012-04-28', True),
(5, 19,  000000000005,'2010-12-04', '2012-04-28', True),

(1, 20, 000000000001,  '2010-12-04', '2012-04-28', True),
(2, 20, 000000000002, '2010-12-04', '2012-04-28', True),
(3, 20, 000000000003, '2010-12-04', '2012-04-28', True),
(4, 20, 000000000004,'2010-12-04', '2012-04-28', True),
(5, 20, 000000000005, '2010-12-04', '2012-04-28', True),

(1, 21,000000000001,  '2010-12-04', '2012-04-28', True),
(2, 21,000000000002, '2010-12-04', '2012-04-28', True),
(3, 21,000000000003,  '2010-12-04', '2012-04-28', True),
( 4, 21,000000000004, '2010-12-04', '2012-04-28', True),
(5, 21, 000000000005, '2010-12-04', '2012-04-28', True),

(1, 22,000000000001,  '2010-12-04', '2012-04-28', True),
(2, 22,000000000002, '2010-12-04', '2012-04-28', True),
(3, 22,000000000003,  '2010-12-04', '2012-04-28', True),
(4, 22,000000000004,  '2010-12-04', '2012-04-28', True),
(5, 22, 000000000005, '2010-12-04', '2012-04-28', True),

(1, 23,000000000001,  '2010-12-04', '2012-04-28', True),
( 2, 23,000000000002,'2010-12-04', '2012-04-28', True),
(3, 23, 000000000003, '2010-12-04', '2012-04-28', True),
(4, 23,000000000004,  '2010-12-04', '2012-04-28', True),
(5, 23, 000000000005, '2010-12-04', '2012-04-28', True),

(1, 24,000000000001,  '2010-12-04', '2012-04-28', True),
(2, 24,000000000002, '2010-12-04', '2012-04-28', True),
( 3, 24,000000000003, '2010-12-04', '2012-04-28', True),
( 4, 24,000000000004, '2010-12-04', '2012-04-28', True),
(5, 24, 000000000005, '2010-12-04', '2012-04-28', True),

(1, 25,000000000001,  '2010-12-04', '2012-04-28', True),
(2, 25,000000000002, '2010-12-04', '2012-04-28', True),
( 3, 25,000000000003, '2010-12-04', '2012-04-28', True),
(4, 25,000000000004,  '2010-12-04', '2012-04-28', True),
(5, 25, 000000000005, '2010-12-04', '2012-04-28', True),
(1, 1, 000000000001,  '2018-06-06', '2018-07-28', True),
(1, 2, 000000000002,  '2018-06-06','2018-07-28', True),
(1, 3, 000000000003,  '2018-06-06','2018-07-28', True),
(1, 4, 000000000004,  '2018-06-06','2018-07-28', True),
(1, 5, 000000000005,  '2018-06-06','2018-07-28', True),
(1, 6, 000000000006,  '2018-06-06','2018-07-28', True),
(1, 7, 000000000007, '2018-06-06', '2018-07-28',True),
(1, 8, 000000000008,  '2018-06-06','2018-07-28', True),
(1, 9, 000000000009, '2018-06-06', '2018-07-28',True),
(1, 10, 000000000010,'2018-05-28', '2018-06-06',True),
(1, 11, 000000000011,'2018-05-28', '2018-06-06',True),
(1, 12, 000000000012,'2018-05-28', '2018-06-06',True),
(1, 13, 000000000013,'2018-05-28', '2018-06-06',True),
(1, 14, 000000000014,'2018-05-28', '2018-06-06',True),
(1, 15, 000000000015,'2018-05-28', '2018-06-06',True),
(1, 16, 000000000016,'2018-05-28', '2018-06-06',True),
(1, 17, 000000000017,'2018-05-28', '2018-06-06',True),
(1, 18, 000000000018,'2018-05-28', '2018-06-06',True),
(1, 19, 000000000019,'2018-05-28',  '2018-06-16',True),
(3, 20, 000000000020,'2018-05-28', '2018-06-06',True),
(3, 20, 000000000021,'2018-06-28', '2018-07-06',True),
(3, 20, 000000000022,'2018-07-28', '2018-08-06',True),
(3, 21, 000000000023,'2018-05-28', '2018-06-06',True),
(3, 21, 000000000024,'2018-06-28', '2018-07-06',True),
(3, 21, 000000000025,'2018-07-28', '2018-08-06',False);


CREATE TABLE IF NOT EXISTS Payment_Transaction (
  Rent_ID INT UNSIGNED NOT NULL,
  Payment_Amount INT(6) UNSIGNED NOT NULL,
  Payment_Method VARCHAR(30) NOT NULL,
  UNIQUE (Rent_ID),
  FOREIGN KEY (Rent_ID) REFERENCES Rents(Rent_ID)
  /*KEY (Rent_ID)*/

)ENGINE = InnoDB;

INSERT INTO Payment_Transaction (Rent_ID, Payment_Amount, Payment_Method) VALUES
(1, 20, 'Μετρητά'),
(2, 20, 'Μετρητά'),
(3, 20, 'Kάρτα'),
(4, 20, 'Kάρτα'),
(5, 20, 'Μετρητά'),
(6, 20, 'Μετρητά'),
(7, 20, 'Kάρτα'),
(8, 20, 'Μετρητά'),
(9, 20, 'Kάρτα'),
(10, 20, 'Μετρητά'),
(11, 20, 'Kάρτα'),
(12, 20, 'Kάρτα'),
(13, 20, 'Kάρτα'),
(14, 20, 'Kάρτα'),
(15, 20, 'Μετρητά'),
(16, 20, 'Kάρτα'),
(17, 20, 'Μετρητά'),
(18, 20, 'Kάρτα'),
(19, 20, 'Kάρτα'),
(20, 20, 'Kάρτα'),
(21, 20, 'Μετρητά'),
(22, 20, 'Kάρτα'),
(23, 20, 'Kάρτα'),
(24, 20, 'Μετρητά'),
(25, 20, 'Μετρητά');

/*
-----------VIEWS-----------
*/
CREATE VIEW `Rooms_In_Cities` 
AS SELECT Room_ID, City, r.Hotel_ID
FROM Hotel h, Hotel_Room r
WHERE h.Hotel_ID=r.Hotel_ID
ORDER BY City;

CREATE VIEW `Rooms_By_Capacity` 
AS SELECT Room_ID, Capacity, r.Hotel_ID
FROM Hotel h, Hotel_Room r
WHERE h.Hotel_ID=r.Hotel_ID
ORDER BY Capacity;

/*DELIMITER |
CREATE TRIGGER `delete_Εmployee` AFTER DELETE ON Employee FOR EACH ROW BEGIN 
DELETE FROM Works WHERE Employee_IRS_Number = OLD.Employee_IRS_Number;
END
|
DELIMITER ;



DELIMITER |
CREATE TRIGGER `delete_Hotel_Group` AFTER DELETE ON Hotel_Group FOR EACH ROW BEGIN 
DELETE FROM Hotel WHERE Hotel_Group_ID = OLD.Hotel_Group_ID;
DELETE FROM Hotel_Group_Email_Address WHERE Hotel_Group_ID = OLD.Hotel_Group_ID;
DELETE FROM Hotel_Group_Phone_Number WHERE Hotel_ID = OLD.Hotel_Group_ID;
END
|
DELIMITER ;

DELIMITER |
CREATE TRIGGER `Insert_Hotel_Group` AFTER INSERT ON Hotel_Group FOR EACH ROW BEGIN 
INSERT INTO Hotel_Group_Email_Address VALUES (NEW.Hotel_Group_ID, NULL);
INSERT INTO Hotel_Group_Phone_Number VALUES (NEW.Hotel_Group_ID, NULL);
END
|
DELIMITER ;

DELIMITER |
CREATE TRIGGER `Insert_Hotel` AFTER INSERT ON Hotel FOR EACH ROW BEGIN 
INSERT INTO Hotel_Email_Address VALUES (NEW.Hotel_ID, NULL);
INSERT INTO Hotel_Phone_Number VALUES (NEW.Hotel_ID, NULL);
END
|
DELIMITER ;
*/
DELIMITER |
CREATE TRIGGER `delete_Hotel` AFTER DELETE ON Hotel 
FOR EACH ROW  
  UPDATE Hotel_Group
  SET Number_Of_Hotels = Number_Of_Hotels - 1 
  WHERE Hotel_Group_ID = OLD.Hotel_Group_ID;
|
DELIMITER ;

DELIMITER |
CREATE TRIGGER `delete_Hotel_Room` AFTER DELETE ON Hotel_Room 
FOR EACH ROW  
  UPDATE Hotel
  SET Number_Of_Rooms = Number_Of_Rooms - 1 
  WHERE Hotel_ID = OLD.Hotel_ID;
|
DELIMITER ;

DELIMITER |
CREATE TRIGGER `update_Hotel` AFTER INSERT ON Hotel 
FOR EACH ROW  
  UPDATE Hotel_Group
  SET Number_Of_Hotels = Number_Of_Hotels + 1 
  WHERE Hotel_Group_ID = NEW.Hotel_Group_ID;
|
DELIMITER ;

DELIMITER |
CREATE TRIGGER `update_Hotel_Room` AFTER INSERT ON Hotel_Room 
FOR EACH ROW  
  UPDATE Hotel
  SET Number_Of_Rooms = Number_Of_Rooms + 1 
  WHERE Hotel_ID = NEW.Hotel_ID;
|
DELIMITER ;

DELIMITER |
CREATE TRIGGER `Check_In` AFTER INSERT ON Rents 
FOR EACH ROW 
UPDATE Reserves
SET Paid = True
WHERE Customer_IRS_Number = Reserves.Customer_IRS_Number AND Hotel_ID=Reserves.Hotel_ID AND Room_ID=Reserves.Room_ID AND Start_Date=Reserves.Start_Date AND Finish_Date=Reserves.Finish_Date;
|
DELIMITER ;
/*
DELIMITER |
CREATE TRIGGER `check_in` AFTER INSERT ON Rents FOR EACH ROW BEGIN 
DELETE FROM Reserves WHERE Customer_IRS_Number = Rents.Customer_IRS_Number;
END 
|
DELIMITER ;

DELIMITER |
CREATE TRIGGER `delete_Customer` AFTER DELETE ON Customer FOR EACH ROW BEGIN 
DELETE FROM Rents WHERE Customer_IRS_Number = OLD.Customer_IRS_Number;
DELETE FROM Reserves WHERE Customer_IRS_Number = OLD.Customer_IRS_Number;
END
|
DELIMITER ;


/*!40101 SET CHARACTER_SET_CLIENT=@OLD_CHARACTER_SET_CLIENT */;
/*!40101 SET CHARACTER_SET_RESULTS=@OLD_CHARACTER_SET_RESULTS */;
/*!40101 SET COLLATION_CONNECTION=@OLD_COLLATION_CONNECTION */;

